{
    // Use IntelliSense to learn about possible attributes.
    // Hover to view descriptions of existing attributes.
    // For more information, visit: https://go.microsoft.com/fwlink/?linkid=830387
    "version": "0.2.0",
    "configurations": [
        {
            "type": "java",
            "name": "Launch MainClass",
            "request": "launch",
            "mainClass": "MainClass",
            "projectName": "EZ Notes_1031c5e1"
        },
        {
            "type": "java",
            "name": "Launch TreeDemo",
            "request": "launch",
            "mainClass": "TreeDemo",
            "projectName": "EZ Notes_1031c5e1"
        },
        {
            "type": "java",
            "name": "CodeLens (Launch) - ZeroInFront",
            "request": "launch",
            "mainClass": "ZeroInFront",
            "projectName": "EZ Notes_1031c5e1"
        },
        {
            "type": "java",
            "name": "CodeLens (Launch) - UserTester",
            "request": "launch",
            "mainClass": "UserTester",
            "projectName": "EZ Notes_1031c5e1"
        },
        {
            "type": "java",
            "name": "CodeLens (Launch) - Window",
            "request": "launch",
            "mainClass": "Window",
            "projectName": "EZ Notes_1031c5e1"
        },
        {
            "type": "java",
            "name": "CodeLens (Launch) - CardLayoutDemo",
            "request": "launch",
            "mainClass": "CardLayoutDemo",
            "projectName": "EZ Notes_1031c5e1"
        },
        {
            "type": "java",
            "name": "CodeLens (Launch) - NumberAdditionUI",
            "request": "launch",
            "mainClass": "NumberAdditionUI",
            "projectName": "EZ Notes_1031c5e1"
        },
        {
            "type": "java",
            "name": "CodeLens (Launch) - EzNotes",
            "request": "launch",
            "mainClass": "EzNotes",
            "projectName": "EZ Notes_1031c5e1"
        },
        {
            "type": "java",
            "name": "CodeLens (Launch) - LoginCopy",
            "request": "launch",
            "mainClass": "LoginCopy",
            "projectName": "EZ Notes_1031c5e1"
        },
        {
            "type": "java",
            "name": "CodeLens (Launch) - Register",
            "request": "launch",
            "mainClass": "Register",
            "projectName": "EZ Notes_1031c5e1"
        },
        {
            "type": "java",
            "name": "CodeLens (Launch) - Login",
            "request": "launch",
            "mainClass": "Login",
            "projectName": "EZ Notes_1031c5e1"
        },
        {
            "type": "java",
            "name": "Debug (Launch) - Current File",
            "request": "launch",
            "mainClass": "${file}"
        }
    ]
}